{
  "hash": "5883e62e",
  "configHash": "2823fc49",
  "lockfileHash": "5af5b5f6",
  "browserHash": "64be331c",
  "optimized": {
    "@angular/common": {
      "src": "../../../../../node_modules/@angular/common/fesm2022/common.mjs",
      "file": "@angular_common.js",
      "fileHash": "458b6deb",
      "needsInterop": false
    },
    "@angular/core": {
      "src": "../../../../../node_modules/@angular/core/fesm2022/core.mjs",
      "file": "@angular_core.js",
      "fileHash": "a13a7a15",
      "needsInterop": false
    },
    "@angular/platform-browser": {
      "src": "../../../../../node_modules/@angular/platform-browser/fesm2022/platform-browser.mjs",
      "file": "@angular_platform-browser.js",
      "fileHash": "c697fe15",
      "needsInterop": false
    },
    "@angular/router": {
      "src": "../../../../../node_modules/@angular/router/fesm2022/router.mjs",
      "file": "@angular_router.js",
      "fileHash": "0da4c51a",
      "needsInterop": false
    }
  },
  "chunks": {
    "chunk-6TAVLA7F": {
      "file": "chunk-6TAVLA7F.js"
    },
    "chunk-EBYPFRY3": {
      "file": "chunk-EBYPFRY3.js"
    },
    "chunk-B5LUOZ3Q": {
      "file": "chunk-B5LUOZ3Q.js"
    }
  }
}